,,,,,,,,,,,,,,,,,,,,,,,,,
,,,,,,,Por sprint,,,Releases Major,,,,,,,,,Variâncias,,Índices,,Estimativas,,
,Releases,Planned Release Points (PRP),Sprint (n),Início da Sprint,Fim da sprint,US's,Pontos planejados (PP),Points Completed (PC),Points Added (PA),Planned Release Points (PRP),Release Points Completed (RPC),Actual Percent Complete of Release (APC),Planned Percent Complete (PPC),Planned Value (PV),Bugeted Cost at Completion (BAC),Sprint Cost (SC),Actual Cost (AC),Earned Value (EV),Cost Variance (CV),Schedule Variance (SV),Cost Performance Index (CPI),Schedule Performance Index (SPI),Estimate to Complete (ETC),Estimate at complete (EAC),RD
,Release 1,,1,24/08/2026,06/09/2026,-,0,0,0,,,,,,,,,,,,,,,,
,,,2,07/09/2026,20/09/2026,-,0,0,0,,,,,,,,,,,,,,,,
,,,3,21/09/2026,04/10/2026,-,0,0,0,,,,,,,,,,,,,,,,
,Release 2,,4,05/10/2026,18/10/2026,-,0,0,0,,,,,,,,,,,,,,,,
,,,5,19/10/2026,01/11/2026,-,0,0,0,,,,,,,,,,,,,,,,
,Release 3,,6,02/11/2026,15/11/2026,-,0,0,0,,,,,,,,,,,,,,,,
,,,7,16/11/2026,29/11/2026,-,0,0,0,,,,,,,,,,,,,,,,
,,,8,30/11/2026,13/12/2026,-,0,0,0,,,,,,,,,,,,,,,,
