ID do risco,Sprint,Data da revisão,Probabilidade (1 a 5),Impacto (1 a 5),Exposição,Nível,Status,Observação
R01,3,2026-09-27,4,4,16,Elevado,Aberto,"Avaliação inicial (identificação dos riscos em 27/09, fim da sprint 3)."
R02,3,2026-09-27,4,5,20,Elevado,Aberto,"Avaliação inicial (identificação dos riscos em 27/09, fim da sprint 3)."
R03,3,2026-09-27,4,3,12,Médio,Aberto,"Avaliação inicial (identificação dos riscos em 27/09, fim da sprint 3)."
R04,3,2026-09-27,3,3,9,Médio,Aberto,"Avaliação inicial (identificação dos riscos em 27/09, fim da sprint 3)."
R05,3,2026-09-27,3,4,12,Médio,Aberto,"Avaliação inicial (identificação dos riscos em 27/09, fim da sprint 3)."
R06,3,2026-09-27,3,3,9,Médio,Em monitoramento,"Avaliação inicial (identificação dos riscos em 27/09, fim da sprint 3)."
R07,3,2026-09-27,4,3,12,Médio,Aberto,"Avaliação inicial (identificação dos riscos em 27/09, fim da sprint 3)."
R08,3,2026-09-27,4,3,12,Médio,Aberto,"Avaliação inicial (identificação dos riscos em 27/09, fim da sprint 3)."
R09,3,2026-09-27,4,3,12,Médio,Aberto,"Avaliação inicial (identificação dos riscos em 27/09, fim da sprint 3)."
R10,3,2026-09-27,5,4,20,Elevado,Materializado,"Avaliação inicial (identificação dos riscos em 27/09, fim da sprint 3)."
R11,3,2026-09-27,5,3,15,Elevado,Aberto,"Avaliação inicial (identificação dos riscos em 27/09, fim da sprint 3)."
R12,3,2026-09-27,4,4,16,Elevado,Aberto,"Avaliação inicial (identificação dos riscos em 27/09, fim da sprint 3)."
R13,3,2026-09-27,5,3,15,Elevado,Em monitoramento,"Avaliação inicial (identificação dos riscos em 27/09, fim da sprint 3)."
R14,3,2026-09-27,4,3,12,Médio,Aberto,"Avaliação inicial (identificação dos riscos em 27/09, fim da sprint 3)."
