Integrante,2026-08-24,2026-08-31,2026-09-07,2026-09-14,2026-09-21,2026-09-28,2026-10-05,2026-10-12,2026-10-19,2026-10-26,2026-11-02,2026-11-09,2026-11-16,2026-11-23,Semanas ativas
Alexandre de Sanana Beck,1,1,1,1,1,1,1,1,1,1,1,1,1,1,14
Antônio José Magalhães Leão Júnior,1,1,1,1,1,1,1,1,1,1,1,1,1,1,14
Daniel Ferreira Santos Rabelo,1,1,1,1,1,1,1,1,1,1,1,1,1,1,14
Diego Carlito Rodrigues de Souza,1,1,1,1,1,1,1,1,1,1,1,1,1,1,14
Diogo Rodrigues Barboza,1,1,1,1,1,1,1,1,1,1,1,1,1,1,14
Gabriel Marques de Souza,1,1,1,1,1,1,1,1,1,1,1,1,1,1,14
Gabriel Moura,1,1,1,1,1,1,1,1,1,1,1,1,1,1,14
Guilherme Storch,1,1,1,1,1,1,1,1,1,1,1,1,1,1,14
Gustavo Roberto Silva de Melo,1,1,1,1,1,1,1,1,1,1,1,1,1,1,14
Henrique Camelo Quenino,1,1,1,1,1,1,1,1,1,1,1,1,1,1,14
Kathlyn Lara Murussi,1,1,1,1,1,1,1,1,1,1,1,1,1,1,14
Lucas Bottino,1,1,1,1,1,1,1,1,1,1,1,1,1,1,14
Luciano Freitas,1,1,1,1,1,1,1,1,1,1,1,1,1,1,14
Luiza Maluf,1,1,1,1,1,1,1,1,1,1,1,1,1,1,14
Manoel Felipe Teixeira Neto,1,1,1,1,1,1,1,1,1,1,1,1,1,1,14
Marcos Antonio Teles de Castilhos,1,1,1,1,1,1,1,1,1,1,1,1,1,1,14
Milena Fernandes Rocha,1,1,1,1,1,1,1,1,1,1,1,1,1,1,14
Nathan Benigno Ponce de Abreu,1,1,1,1,1,1,1,1,1,1,1,1,1,1,14
Pedro Sena Barbosa Holtz Yen,1,1,1,1,1,1,1,1,1,1,1,1,1,1,14
Wallyson Souza,1,1,1,1,1,1,1,1,1,1,1,1,1,1,14
Integrantes ativos,20,20,20,20,20,20,20,20,20,20,20,20,20,20,
Custo planejado da semana (R$),6588.675077,6588.675077,6588.675077,6588.675077,6588.675077,6588.675077,6588.675077,6588.675077,6588.675077,6588.675077,6588.675077,6588.675077,6588.675077,6588.675077,
Release,R1,R1,R1,R1,R1,R2,R2,R2,R2,R3,R3,R3,R3,R3,
Sprint,1,1,2,2,3,4,5,6,7,8,9,10,11,12,
