id,categoria,risco,causa,consequencia,gatilho,probabilidade,impacto,exposicao,nivel,resposta,prevencao,contingencia,responsavel,status,ultima_revisao
R01,Técnico,Motor de cálculo publicado não corresponde ao código versionado,"Core versionado em 1.5.3, PyPI com msgram-core 1.5.4 publicado de código fora do repositório; Service usa 1.4.9",Nota de qualidade não reproduzível; CLI e Web dão resultados diferentes para o mesmo projeto,Teste de regressão entre CLI e Service com notas diferentes,4,4,16,Elevado,Mitigar,TASK05.03 (DOC#50): padronizar msgram-core 1.5.4 no Service e na CLI (PRs Service#19 e CLI#4),Congelar a versão do Core usada na homologação e documentar a divergência na R1,Nathan Benigno Ponce de Abreu,Aberto,2026-09-27
R02,Técnico,Endpoint público expõe e-mail de todos os usuários,"GET /users/ do Service sem autenticação (diagnóstico, gravidade Crítico)",Vazamento de dado pessoal (LGPD) no ambiente publicado,Endpoint respondendo sem token em homologação,4,5,20,Elevado,Mitigar,"BUG05.01 (DOC#52): corrigir falhas de segurança MSG-03, MSG-12 e MSG-13; Django já atualizado para 5.2 LTS (Service#3)",Desativar a rota em homologação até a correção,Marcos Antonio Teles de Castilhos,Aberto,2026-09-27
R03,Técnico,Nenhum portão de qualidade bloqueante nos repositórios,CI não é exigida antes do merge e o Service não define fail_under de cobertura,Regressões e queda de cobertura entram na develop sem aviso,PR mergeado com CI falhando ou sem rodar,4,3,12,Médio,Mitigar,"DOC#74: governança de branches, portões de CI e gestão de secrets nos repositórios centrais",Revisão manual obrigatória da CI no template de PR,Luciano Freitas,Aberto,2026-09-27
R04,Organizacional,Coordenação técnica entre squads que atravessam repositórios,"Fatias verticais tocam vários repositórios (ex.: dívida técnica em Action, Parser, CLI e Front)",Tasks bloqueadas esperando outro repositório; retrabalho de integração,Issue bloqueada por outra de outro repositório por mais de uma sprint,3,3,9,Médio,Mitigar,Modelo de squads por release (docs/planejamento/squads) e dependências registradas no Zenhub (blocking),Sessão de integração na planning de segunda,Milena Fernandes Rocha,Aberto,2026-09-27
R05,Gerencial,Objetivo do semestre ainda não fechado com o PO,Primeira reunião com o PO foi expositiva; Visão do Produto ainda em andamento (DOC#18),Backlog priorizado sem validação; risco de entregar o que o PO não espera,US voltando de 'Aguardando validação do PO (DoR)',3,4,12,Médio,Mitigar,Pauta preparada para a reunião semanal com o PO; validar Visão do Produto e Canvas MVP,Escalar ao professor se não houver validação até a R2,Guilherme Storch,Aberto,2026-09-27
R06,Organizacional,Desbalanceamento de contribuições num time de 20 pessoas,Time grande com níveis de conhecimento diferentes (aba Habilidades); várias issues sem responsável,Concentração de carga e avaliação individual prejudicada na R2 (contribuições equilibradas),Integrante sem horas ou sem issue atribuída na sprint,3,3,9,Médio,Aceitar,Acompanhar horas por integrante (aba Horas) e issues por pessoa no dashboard,Redistribuir tasks na planning seguinte,Milena Fernandes Rocha,Em monitoramento,2026-09-27
R07,Técnico,Métricas de repositórios publicadas em repos de semestres anteriores,metrics.yml de alguns repositórios ainda publica no repositório central (MeasureSoftGram-Core aparece junto do 2026.2-Core),Dashboard com dado misturado ou faltando,Arquivo de métricas com prefixo sem '2026.2-' em Analytics/data,4,3,12,Médio,Mitigar,DOC#14 (organização dos repositórios): apontar o metrics.yml de todos para o docs-eps de 2026.2,Filtrar no dashboard só repositórios 2026.2,Milena Fernandes Rocha,Aberto,2026-09-27
R08,Técnico,"Cobertura abaixo da meta de 85% em Front (80,4%), Service (82,4%) e Action (82,7%)",Suítes herdadas sem manutenção desde 2024 e sem portão de cobertura,Critério da R1 (cobertura ≥ 85%) não atendido em 3 de 7 repositórios,Cobertura abaixo de 85% na última coleta do SonarCloud,4,3,12,Médio,Mitigar,TASK03.02 (DOC#57): saneamento do backlog técnico; testes nos componentes com menor cobertura (painel do dashboard),Priorizar testes do Front e do Service na sprint 4,Antônio José Magalhães Leão Júnior,Aberto,2026-09-27
R09,Técnico,"Taxa de falha da CI em 35% (65 de 188 execuções), com Service em 45% e Action em 41%",Workflows antigos (actions descontinuadas) e metrics.yml falhando no Front e no Service,Time aprende a ignorar a CI; métricas deixam de ser coletadas,Taxa de falha acima de 20% no dashboard,4,3,12,Médio,Mitigar,TASK03.01 (DOC#73) e DOC#74: atualizar workflows e corrigir o metrics.yml,Rodar o metrics.yml manualmente (workflow_dispatch) antes de cada release,Luciano Freitas,Aberto,2026-09-27
R10,Gerencial,Sequenciador da Lean Inception atrasado frente ao cronograma,Sequenciador previsto para 24/08 não fechou,R1 sem linha de base de escopo (PRP); fatias verticais não decompostas na EAP,Planning da release sem US priorizadas,5,4,20,Elevado,Mitigar,EAP com pacotes de planejamento; linha de base da R2 congelada na planning de 28/09,Usar o PRP reconstituído do Zenhub na R1 e declarar no dashboard,Guilherme Storch,Materializado,2026-09-27
R11,Técnico,AI e Plugin sem projeto válido no SonarCloud,A coleta do metrics.yml grava erro de component key para AI e Plugin,Qualidade de 2 dos 9 módulos fica invisível no dashboard e na avaliação,Arquivo de coleta com 'Component key' em vez de métricas,5,3,15,Elevado,Mitigar,Criar os projetos no SonarCloud da organização e corrigir a chave no metrics.yml,Declarar no dashboard os módulos sem métrica,Antônio José Magalhães Leão Júnior,Aberto,2026-09-27
R12,Técnico,Rating de segurança E no Plugin e C no Service (SonarCloud),"Vulnerabilidades apontadas pelo SonarCloud na última coleta (security_rating 5 no Plugin, 3 no Service)",Produto publicado com vulnerabilidade conhecida,security_rating acima de 1 (A) em qualquer repositório,4,4,16,Elevado,Mitigar,Revisar os security hotspots do Plugin e do Service e corrigir as vulnerabilidades,Não publicar nova versão do Plugin até o rating voltar para A,Nathan Benigno Ponce de Abreu,Aberto,2026-09-27
R13,Gerencial,Quadro do Zenhub desatualizado invalida velocity e EVM,"Snapshot de 27/09: 0 pontos em Done na R1, 24 issues fechadas fora do pipeline Done, 20 US/Tasks sem estimativa","Velocity, burndown e SPI da R1 em zero; indicadores não servem para decidir",Painel 'Confiabilidade do dado do Zenhub' com pendências,5,3,15,Elevado,Mitigar,Mover para Done o que cumpriu o DoD e estimar US/Tasks na planning (decisão D2),Planning de 28/09 dedicada a sanear o quadro antes de abrir a R2,Milena Fernandes Rocha,Materializado,2026-09-27
R14,Gerencial,Horas reais não registradas pela equipe,Registro de horas criado só em 27/09; sprints 1 a 3 sem dado,Sem custo real (AC) não há CPI nem EAC; exigência da disciplina não atendida,Integrantes sem horas na aba Horas após a planning,4,3,12,Médio,Mitigar,Lançar horas toda segunda na planning (decisão D3),Declarar o período sem dado no dashboard; não estimar retroativamente,Daniel Ferreira Santos Rabelo,Aberto,2026-09-27
