Release,Sprint (n),Início da sprint,Fim da sprint,Semanas,Issues,Pontos planejados (PP),Pontos concluídos (PC),Pontos adicionados (PA),Planned Release Points (PRP),Release Points Completed (RPC),Actual Percent Complete (APC),Planned Percent Complete (PPC),Budget at Completion (BAC),Sprint Cost (SC),Planned Value (PV),Horas reais,Custo da sprint,Actual Cost (AC),Origem do AC,Earned Value (EV),Cost Variance (CV),Schedule Variance (SV),Cost Performance Index (CPI),Schedule Performance Index (SPI),Estimate to Complete (ETC),Estimate at Completion (EAC),Release Date (RD)
R1,1,2026-08-24,2026-09-06,2,"DOC#15, DOC#38",6,1,0,6,1,0.166667,0.4,32943.375385,13177.350154,13177.350154,0,13177.350154,13177.350154,estimado (custo planejado),5490.562564,-7686.78759,-7686.78759,0.416667,0.416667,65886.750769,79064.100923,2026-11-16
R1,2,2026-09-07,2026-09-20,2,"DOC#1, #3, #11, #17, #18, #38; Service#3",17,0,12,18,1,0.055556,0.8,32943.375385,13177.350154,26354.700308,0,13177.350154,26354.700308,estimado (custo planejado),1830.187521,-24524.512786,-24524.512786,0.069444,0.069444,448029.905231,474384.605538,2028-01-10
R1,3,2026-09-21,2026-09-27,1,45 issues (ver sprint Sep 21-27 no Zenhub),132,10,115,133,11,0.082707,1,32943.375385,6588.675077,32943.375385,0,6588.675077,32943.375385,estimado (custo planejado),2724.640069,-30218.735315,-30218.735315,0.082707,0.082707,365371.981538,398315.356923,2027-10-21
R2,4,2026-09-28,2026-10-04,1,,,,,,,,0.25,26354.700308,6588.675077,6588.675077,0,6588.675077,,,,,,,,,,
R2,5,2026-10-05,2026-10-11,1,,,,,,,,0.5,26354.700308,6588.675077,13177.350154,0,6588.675077,,,,,,,,,,
R2,6,2026-10-12,2026-10-18,1,,,,,,,,0.75,26354.700308,6588.675077,19766.025231,0,6588.675077,,,,,,,,,,
R2,7,2026-10-19,2026-10-25,1,,,,,,,,1,26354.700308,6588.675077,26354.700308,0,6588.675077,,,,,,,,,,
R3,8,2026-10-26,2026-11-01,1,,,,,,,,0.2,32943.375385,6588.675077,6588.675077,0,6588.675077,,,,,,,,,,
R3,9,2026-11-02,2026-11-08,1,,,,,,,,0.4,32943.375385,6588.675077,13177.350154,0,6588.675077,,,,,,,,,,
R3,10,2026-11-09,2026-11-15,1,,,,,,,,0.6,32943.375385,6588.675077,19766.025231,0,6588.675077,,,,,,,,,,
R3,11,2026-11-16,2026-11-22,1,,,,,,,,0.8,32943.375385,6588.675077,26354.700308,0,6588.675077,,,,,,,,,,
R3,12,2026-11-23,2026-11-29,1,,,,,,,,1,32943.375385,6588.675077,32943.375385,0,6588.675077,,,,,,,,,,
